Ty,cons,int,vdw,elle,pol,npl,sasa,gas_e,dssp,labels
TYR,1,32.8,-8.9,-34.3,8.4,-1.4,28.4,-10.363,L,P
TYR,2,28.0,-10.5,-27.7,6.0,-1.6,18.8,-10.274,T,P
TRP,1,26.6,-9.8,-28.0,10.6,-1.5,30.0,-11.137,G,P
PHE,1,27.0,-11.4,-37.7,11.1,-1.6,8.9,-22.040,L,P
TYR,2,17.6,-10.3,-18.6,8.2,-1.6,15.6,-11.328,H,N
ILE,8,18.6,-9.7,-23.1,7.7,-1.4,2.1,-14.175,H,P
PRO,9,10.6,-3.9,-14.6,1.4,-0.8,35.7,-7.829,L,P
PHE,8,21.8,-11.0,-26.7,9.1,-1.5,15.0,-15.949,E,P
TYR,8,30.4,-11.9,-29.5,7.6,-1.5,19.6,-11.048,E,P
TRP,9,23.5,-7.8,-27.0,8.6,-1.1,51.1,-11.203,S,P
TYR,8,22.9,-10.7,-30.0,12.4,-1.7,10.7,-17.737,L,P
ASP,7,23.3,-4.6,42.5,-63.9,-0.4,72.6,61.248,H,P
PHE,3,36.7,-4.9,-43.9,9.0,-0.7,56.1,-12.124,H,P
GLY,8,27.5,-3.7,-26.0,1.9,-0.6,13.6,-2.217,T,P
ASP,9,37.3,-6.6,46.5,-64.8,-1.2,1.4,77.135,S,P
TRP,9,33.5,-13.4,-26.1,8.2,-2.0,5.1,-5.988,E,P
TRP,8,33.3,-8.1,-38.3,14.4,-2.1,0.9,-13.147,L,N
ALA,1,29.9,-4.9,-40.5,8.5,-0.7,23.9,-15.395,L,P
SER,1,10.1,-6.6,-16.2,9.8,-0.8,25.0,-12.716,E,P
ASP,1,13.7,-6.4,-68.7,64.7,-0.9,28.5,-61.408,T,P
PHE,1,10.2,-9.5,-10.3,5.9,-1.4,22.7,-9.605,E,P
ASN,7,13.9,-4.9,-16.6,5.1,-0.7,48.5,-7.599,T,P
LEU,7,28.0,-10.8,-37.5,5.3,-1.5,1.2,-20.304,E,P
PHE,6,16.5,-9.2,-14.6,3.8,-1.6,6.4,-7.389,L,P
LEU,7,27.4,-9.6,-35.7,8.7,-1.4,5.8,-17.838,L,P
GLU,3,19.1,-3.7,-71.7,58.7,-0.9,44.2,-56.324,T,P
GLU,9,30.2,-4.5,-13.4,-9.7,-0.5,71.3,12.300,H,P
GLY,9,21.0,-4.9,-26.7,7.8,-0.5,25.8,-10.613,H,P
MET,9,21.1,-8.3,-31.9,7.4,-1.2,20.6,-19.145,H,P
PRO,4,18.2,-5.8,-27.3,3.1,-0.7,44.7,-14.874,L,N
ARG,9,18.3,-8.4,-64.2,48.2,-1.1,48.3,-54.338,T,N
ASP,9,32.3,-8.7,-57.7,38.7,-1.2,6.1,-34.110,E,N
HID,9,24.1,-12.1,-33.7,13.7,-1.4,13.3,-21.634,H,N
ASN,1,34.0,-9.6,-22.8,4.0,-1.1,14.6,1.587,H,N
ARG,9,33.1,-13.5,-107.9,91.5,-1.9,8.4,-88.266,H,N
ALA,9,17.3,-4.1,-20.8,3.4,-0.6,40.0,-7.593,S,N
GLY,9,35.1,-2.6,-30.1,-1.7,-0.4,49.9,2.376,S,N
GLY,9,32.5,-2.7,-32.2,3.3,-0.5,32.6,-2.358,G,N
VAL,9,24.8,-3.7,-28.4,3.8,-0.5,62.7,-7.344,G,N
ASP,9,20.1,-5.5,-39.2,25.9,-1.1,14.8,-24.492,S,N
VAL,9,42.6,-6.9,-27.8,-0.4,-1.0,27.6,7.948,S,N
LYS,9,21.2,-8.7,-73.0,55.0,-1.2,34.0,-60.443,L,N
PRO,9,20.1,-5.6,-24.9,0.7,-0.5,64.6,-10.363,H,N
HIE,9,18.4,-6.1,-30.7,15.7,-1.0,36.2,-18.319,T,N
TYR,8,19.7,-11.7,-27.3,10.3,-1.5,23.9,-19.358,B,P
ARG,6,16.4,-10.6,-57.0,42.9,-1.7,15.1,-51.195,E,P
ASN,6,32.1,-6.6,-35.1,4.2,-1.0,25.9,-9.568,E,P
ARG,5,26.7,-8.0,-34.2,14.2,-1.1,47.8,-15.519,T,P
HID,2,25.8,-8.4,-38.0,17.2,-1.3,16.2,-20.506,E,P
ARG,6,24.9,-11.0,-58.0,45.8,-1.4,29.0,-44.138,B,P
TYR,4,20.9,-11.9,-33.7,14.9,-1.4,27.2,-24.728,B,P
TYR,4,18.8,-11.2,-28.5,9.3,-1.3,30.0,-20.871,B,P
PHE,1,34.5,-8.5,-23.8,2.5,-1.2,33.6,2.206,S,N
ARG,5,14.1,-4.6,-39.9,29.4,-0.5,73.9,-30.506,S,N
GLN,2,36.5,-8.2,-47.7,12.8,-0.9,40.4,-19.372,S,N
PRO,1,3.2,-3.0,-10.8,-0.2,-0.1,94.7,-10.603,T,N
ASN,8,30.2,-5.2,-32.3,5.4,-0.6,52.0,-7.358,E,N
CYS,3,28.8,-2.6,-30.9,4.2,-0.2,80.6,-4.679,T,N
ARG,4,29.2,-8.5,-64.9,50.3,-1.1,44.6,-44.232,L,N
PHE,2,19.4,-12.8,-29.2,9.8,-1.4,18.4,-22.618,B,N
GLN,6,30.3,-9.4,-31.6,12.7,-1.4,9.0,-10.678,B,N
LYS,1,19.6,-5.7,-99.3,82.5,-0.9,50.4,-85.398,S,N
ARG,4,33.7,-8.2,-90.3,71.2,-1.1,44.7,-64.757,L,N
PHE,6,16.6,-9.4,-12.1,4.7,-1.2,28.1,-4.866,B,N
GLU,2,16.9,-2.1,41.5,-48.9,-0.4,68.4,56.318,S,P
TYR,6,25.7,-6.1,-27.4,7.0,-1.1,45.5,-7.846,L,P
LYS,1,21.8,-4.1,-122.1,104.8,-0.7,60.8,-104.294,G,P
MET,2,22.0,-7.0,-28.4,9.5,-1.2,25.5,-13.367,I,P
GLN,1,12.4,-5.2,-16.3,8.2,-0.7,58.5,-9.090,G,N
ASN,1,6.3,-4.2,-7.7,2.0,-0.3,75.8,-5.664,G,N
PRO,9,18.2,-6.7,-30.3,7.5,-0.9,20.9,-18.772,T,N
SER,9,8.4,-5.6,-20.8,11.0,-0.9,9.1,-18.010,L,N
GLU,2,20.1,-6.4,37.6,-44.5,-0.7,53.1,51.334,G,N
GLU,7,25.4,-5.5,4.4,-18.9,-1.0,33.8,24.343,L,N
VAL,9,20.4,-6.0,-28.0,7.7,-0.9,29.2,-13.537,S,N
GLY,8,28.8,-4.7,-38.6,10.9,-0.5,23.8,-14.533,L,N
GLU,2,37.1,-4.3,12.7,-36.4,-0.7,55.2,45.440,S,N
ARG,2,18.0,-5.4,-97.7,82.2,-0.9,55.1,-85.102,T,N
MET,3,10.1,-7.5,-16.9,6.4,-1.0,39.4,-14.350,H,N
LYS,2,19.9,0.0,-33.8,20.8,-0.4,84.3,-13.940,L,P
PHE,9,24.1,-8.8,-30.7,9.9,-1.2,34.9,-15.358,H,P
TRP,9,28.7,-13.9,-33.9,7.2,-1.8,13.8,-19.115,H,P
GLU,9,33.0,-7.9,-61.2,45.5,-1.1,22.2,-36.060,E,P
ARG,9,33.4,-11.1,-95.8,57.2,-1.6,18.9,-73.548,E,P
ARG,5,17.9,-6.3,-30.7,15.6,-0.8,61.9,-19.056,G,N
GLU,9,36.7,-6.4,-80.1,50.2,-1.1,25.2,-49.817,E,N
ASN,9,33.2,-5.0,-32.3,-0.9,-0.5,63.6,-4.105,H,P
ARG,9,13.5,-4.6,-37.1,23.3,-0.7,71.6,-28.127,H,P
PRO,9,11.2,-4.7,-20.7,2.5,-0.5,55.3,-14.176,H,N
GLU,4,25.0,-3.9,-17.8,2.1,-0.5,69.3,3.347,T,N
THR,1,29.9,-3.8,-44.6,11.5,-0.8,35.4,-18.474,H,N
LYS,8,24.6,-6.5,-91.1,72.9,-1.3,33.8,-72.979,H,N
ASN,9,20.9,-4.7,-26.8,5.0,-0.5,59.6,-10.604,H,N
GLY,9,40.0,-2.5,-29.0,2.0,-0.5,37.8,8.486,S,N
GLU,4,28.1,-5.1,18.8,-39.2,-0.8,45.9,41.829,T,P
LEU,1,16.4,-9.1,-17.3,2.2,-1.1,24.4,-9.973,H,N
TYR,9,15.0,-1.2,-13.8,2.4,-0.6,72.6,0.021,S,P
VAL,9,33.9,-6.5,-20.9,-0.4,-1.0,27.8,6.449,L,P
TRP,8,25.2,-5.5,-23.1,6.5,-1.1,45.5,-3.472,L,P
CYS,8,27.9,-0.5,-28.0,6.8,-1.1,0.1,-0.550,T,N
PHE,4,22.1,-2.9,-25.4,2.2,-0.4,79.1,-6.146,S,P
PHE,1,35.3,-6.6,-37.3,5.1,-0.9,45.4,-8.592,L,P
TYR,1,6.6,-7.1,-16.0,7.7,-1.3,31.6,-16.425,E,P
TYR,5,28.4,-8.4,-17.2,3.4,-1.2,35.3,2.788,S,N
PRO,1,11.9,-4.4,-17.9,0.3,-0.3,79.4,-10.310,S,N
TRP,9,24.1,-6.9,-28.3,9.0,-1.2,46.9,-11.085,H,P
PHE,9,25.8,-3.7,-22.0,-3.6,-0.7,63.7,0.133,S,P
ALA,9,31.3,-3.2,-26.0,3.1,-0.5,52.7,2.009,L,P
GLY,9,30.9,-4.7,-45.5,8.0,-0.7,0.0,-19.275,E,P
THR,9,37.0,-9.0,-40.2,12.1,-1.2,0.8,-12.173,H,N
THR,6,18.5,-2.1,-25.3,13.8,-1.2,1.2,-8.811,E,P
MET,6,27.0,-4.5,-24.7,4.3,-0.9,41.4,-2.282,T,P
GLU,5,22.2,-7.8,45.3,-56.4,-1.1,28.6,59.679,S,P
VAL,2,44.4,-4.5,-42.4,5.7,-1.1,16.8,-2.426,E,P
TRP,1,29.1,-6.1,-18.9,4.3,-1.4,35.4,4.165,E,P
ASP,4,22.3,-3.5,60.2,-73.1,-0.6,56.0,79.001,L,N
ASP,1,34.1,-3.2,54.9,-81.5,-0.6,54.4,85.817,L,N
GLU,7,24.7,-2.0,19.3,-32.4,-0.8,48.1,41.909,B,N
SER,9,17.0,-3.4,-15.2,7.0,-0.4,65.0,-1.549,T,N
LYS,4,34.2,-1.6,-125.9,110.2,-0.8,56.7,-93.357,E,N
GLU,5,20.9,-2.8,57.7,-71.6,-0.1,93.2,75.793,E,N
ASP,1,41.6,-4.3,17.1,-46.0,-0.6,57.6,54.335,E,N
LYS,3,36.9,-5.1,-132.6,103.1,-0.8,58.1,-100.719,E,N
ARG,1,25.0,-5.4,-139.1,117.6,-0.6,70.8,-119.458,L,N
SER,2,37.1,-3.9,-45.0,12.8,-0.9,19.2,-11.836,L,N
THR,1,21.8,-6.4,-26.3,9.3,-1.2,7.0,-10.851,T,N
HIE,1,15.7,-3.6,-12.5,3.1,-0.4,78.7,-0.362,T,N
ALA,3,24.5,-4.9,-31.7,8.1,-0.9,0.4,-12.026,E,N
HIE,1,15.0,-5.5,-22.5,10.4,-0.9,46.4,-13.053,E,N
ASN,1,12.9,-4.9,-5.7,-0.1,-0.7,48.1,2.218,E,N
GLU,1,15.0,-3.0,71.4,-76.7,-1.0,33.3,83.322,G,N
ASP,2,39.0,-2.3,48.8,-79.5,-0.4,76.6,85.451,L,N
HID,6,30.0,-5.9,-25.1,8.4,-1.2,22.8,-1.011,S,N
ASP,1,30.6,-5.3,63.9,-83.0,-0.8,40.1,89.249,L,N
GLU,5,24.8,-1.7,46.9,-61.3,-0.3,78.3,69.916,S,N
LYS,9,36.2,-6.2,-111.5,79.9,-1.0,48.6,-81.460,E,P
ASP,5,26.6,-3.0,-18.7,2.0,-0.3,81.5,4.821,L,P
TRP,4,35.4,-13.1,-28.9,3.6,-1.5,31.1,-6.530,L,P
ASP,9,41.8,-4.5,-73.9,36.7,-0.8,34.8,-36.698,E,P
THR,9,21.5,-5.7,-45.2,15.1,-1.2,2.0,-29.450,H,P
PHE,6,16.6,-7.2,-13.2,2.2,-0.9,46.3,-3.683,E,P
TRP,8,28.3,-14.4,-25.4,10.3,-1.8,14.0,-11.506,E,N
LYS,4,30.6,-5.1,-117.8,92.1,-0.9,49.4,-92.370,E,N
SER,9,14.3,-4.1,-39.2,13.9,-1.0,5.0,-29.017,E,N
THR,4,11.8,-6.6,-18.6,10.3,-0.7,42.8,-13.408,E,N
ASN,9,0.7,-6.4,-9.5,14.6,-1.1,16.5,-15.197,T,N
THR,9,25.5,-8.9,-45.6,13.4,-1.2,0.0,-28.967,E,N
GLU,4,28.0,-7.6,2.5,-21.0,-1.0,31.4,22.944,E,N
TRP,9,23.7,-17.2,-28.4,8.4,-2.0,3.2,-21.830,E,N
GLU,5,35.1,-5.6,4.4,-17.4,-0.9,37.5,33.844,E,N
LYS,4,38.2,-4.4,-90.0,72.5,-0.6,70.3,-56.256,L,N
VAL,7,29.4,-8.0,-34.9,6.4,-1.1,13.3,-13.556,E,N
VAL,9,16.2,-9.7,-25.4,9.2,-1.3,0.0,-18.920,E,N
GLN,6,24.7,-7.8,-40.8,16.7,-1.3,14.7,-23.939,E,N
ILE,6,27.5,-10.4,-34.6,6.2,-1.4,2.9,-17.384,E,N
LYS,1,24.0,-3.8,-91.2,68.8,-0.9,50.9,-70.961,T,N
SER,1,22.4,-2.0,-29.7,4.7,-0.1,91.4,-9.194,T,N
GLY,1,19.7,-2.6,-25.4,6.1,-0.5,31.8,-8.233,S,N
LYS,2,25.5,-5.6,-79.9,56.3,-1.0,48.1,-60.009,E,N
SER,4,31.4,-4.9,-37.7,9.6,-0.8,25.8,-11.185,E,N
LYS,5,9.1,-6.3,-89.6,87.8,-1.3,30.6,-86.847,E,N
PHE,6,27.2,-6.1,-23.8,1.2,-0.8,54.6,-2.664,E,N
TYR,1,32.1,-5.7,-33.2,4.1,-0.9,54.7,-6.788,E,N
THR,5,22.7,-6.4,-34.8,11.3,-1.0,16.2,-18.503,E,N
LEU,7,30.9,-9.9,-37.9,7.9,-1.5,0.0,-16.875,L,N
ASP,3,13.1,-4.4,-37.0,27.9,-0.6,59.0,-28.383,H,N
GLU,7,29.3,-8.9,-69.1,48.6,-1.3,12.1,-48.755,H,N
ILE,1,36.5,-12.7,-36.4,5.6,-1.4,0.0,-12.602,H,N
VAL,6,36.0,-7.5,-30.3,5.4,-1.2,10.4,-1.693,T,N
LYS,1,19.2,-6.3,-65.3,49.3,-0.8,56.9,-52.302,T,N
GLN,5,37.5,-8.7,-49.0,13.3,-1.0,38.1,-20.210,S,N
LEU,1,27.3,-8.5,-29.5,7.9,-1.3,16.6,-10.758,E,N
PRO,2,18.4,-5.6,-12.8,2.8,-0.8,31.7,-0.081,L,N
TYR,4,25.5,-7.7,-27.9,4.5,-1.1,44.2,-10.090,E,N
GLU,1,19.4,-5.0,-8.6,-1.2,-0.7,51.0,5.762,L,N
GLU,7,35.1,-6.4,-28.5,2.9,-0.9,40.0,0.250,H,N
THR,9,9.0,-7.9,-28.8,13.8,-1.2,0.1,-27.701,S,N
ASN,2,3.7,-5.1,-9.3,9.6,-0.8,39.9,-10.706,B,N
LYS,4,31.7,-6.7,-101.9,73.5,-1.2,35.3,-76.915,E,N
GLU,4,16.1,-5.9,32.0,-41.2,-1.0,36.6,42.145,L,N
ASP,8,40.7,-4.2,-44.5,10.6,-0.8,38.6,-8.026,L,N
ARG,3,30.8,-6.1,-88.4,62.9,-0.8,64.1,-63.706,E,N
THR,9,18.3,-7.8,-30.4,13.4,-1.2,2.4,-19.767,E,N
LEU,7,22.7,-6.0,-22.0,4.9,-1.1,32.6,-5.247,E,N
ARG,5,35.5,-5.9,-60.8,43.5,-0.9,55.5,-31.175,E,N
ARG,1,21.3,-5.8,-57.7,42.6,-1.0,49.7,-42.304,E,N
ASN,2,32.2,-0.6,-28.8,1.6,-0.2,87.3,2.856,T,N
THR,5,16.8,-4.7,-26.8,9.9,-0.7,45.7,-14.681,E,N
ARG,8,22.2,-8.8,-107.5,87.5,-1.7,15.2,-94.029,H,N
ASP,7,26.7,-6.2,-44.7,18.6,-0.7,49.3,-24.263,H,N
VAL,7,21.8,-8.5,-27.0,4.9,-1.1,15.3,-13.781,H,N
PHE,8,17.3,-11.8,-24.9,9.7,-1.7,2.6,-19.395,H,N
ILE,3,21.1,-8.1,-26.6,4.8,-1.1,23.3,-13.637,E,N
TYR,3,28.2,-9.9,-28.5,6.5,-1.5,23.8,-10.204,E,N
TYR,9,26.8,-11.8,-32.9,12.5,-1.8,6.6,-17.872,E,N
TRP,4,42.4,-13.3,-38.5,9.0,-1.7,19.3,-9.489,E,N
LYS,7,37.3,-5.7,-99.2,72.1,-1.4,24.2,-67.677,E,N
SER,8,11.5,-0.5,-14.3,6.9,-0.1,99.3,-3.371,S,N
GLY,8,30.5,-2.0,-20.9,0.3,-0.4,52.6,7.625,L,N
THR,2,11.6,-4.4,-17.3,4.8,-0.7,49.6,-10.063,E,N
LYS,1,35.2,-4.7,-39.0,5.8,-0.6,69.7,-8.454,E,N
THR,6,24.0,-6.3,-27.1,10.7,-0.7,41.6,-9.360,S,N
LEU,4,32.9,-5.7,-33.4,5.0,-0.7,55.2,-6.152,E,N
VAL,7,26.1,-7.9,-29.8,4.1,-1.2,6.0,-11.564,L,N
LYS,3,27.8,-4.1,-59.2,45.4,-0.9,54.8,-35.410,S,N
TYR,9,28.5,-12.8,-29.5,5.1,-1.8,2.9,-13.760,E,N
SER,8,25.2,-3.9,-26.6,8.1,-0.4,70.2,-5.317,T,N
ARG,9,29.6,-11.6,-104.2,77.8,-1.9,4.8,-86.175,L,N
THR,2,25.6,-2.9,-35.3,6.1,-0.2,87.4,-12.657,S,N
VAL,1,16.1,-3.1,-15.2,5.4,-0.5,66.7,-2.190,S,N
ASN,4,23.2,-3.3,-19.3,8.3,-0.9,33.5,0.618,S,N
THR,6,6.0,-4.3,-13.7,7.3,-0.6,53.6,-12.007,L,N
VAL,3,24.1,-5.1,-19.4,-3.0,-0.6,52.4,-0.467,L,N
GLU,3,18.0,-5.0,24.0,-32.2,-1.0,31.6,37.037,E,N
ASP,7,45.4,-5.7,-30.3,0.6,-0.9,31.6,9.333,E,P
TYR,9,28.8,-13.0,-33.3,8.4,-1.7,11.7,-17.586,E,P
ILE,2,12.3,-2.4,-16.8,-1.5,-0.4,79.0,-6.903,G,P
ASP,2,14.5,-1.8,-76.7,64.2,-0.3,83.3,-64.032,G,P
PHE,7,31.9,-4.7,-30.9,5.9,-1.5,15.4,-3.824,L,P
ARG,4,31.6,-5.3,-38.8,14.7,-0.8,61.0,-12.542,H,N
HID,7,15.7,-5.8,-33.3,17.6,-1.4,15.6,-23.378,H,N
LYS,7,12.4,-6.2,10.4,-19.4,-0.9,52.5,16.562,H,N
LYS,4,40.8,-5.2,-7.9,-18.8,-0.8,54.5,27.676,L,N
ASN,2,22.8,-1.0,-15.8,0.4,-0.6,52.1,6.057,G,N
LEU,2,33.2,-4.2,-27.6,-0.6,-0.9,39.0,1.445,L,N
ASP,9,43.1,-3.2,-88.7,54.4,-0.9,28.2,-48.761,L,N
VAL,4,22.6,-4.4,-24.8,4.9,-0.9,31.2,-6.668,H,N
ASN,1,20.7,-4.6,-18.9,6.3,-0.8,43.5,-2.812,H,N
CYS,8,34.2,-4.6,-32.8,3.5,-1.1,1.5,-3.184,H,N
GLU,7,25.9,-5.7,-76.6,63.5,-1.0,28.9,-56.418,H,N
LEU,5,28.3,-5.2,-25.3,6.0,-1.4,9.8,-2.236,S,N
GLN,2,34.2,-3.6,-33.3,6.7,-0.4,76.7,-2.650,L,N
GLU,5,20.2,-2.9,-95.1,86.2,-0.4,73.5,-77.901,H,N
LYS,7,31.1,-5.8,28.7,-53.1,-0.7,62.4,54.008,H,N
ARG,4,32.6,-2.5,35.4,-57.3,-0.3,88.7,65.470,T,N
LYS,7,34.4,-2.4,12.5,-40.0,-0.6,69.0,44.439,T,N
VAL,5,27.1,-2.4,-28.6,-1.0,-0.4,71.9,-3.933,T,N
VAL,1,29.1,-4.9,-30.8,5.3,-0.7,52.4,-6.649,H,N
MET,6,22.5,-7.5,-31.8,8.4,-1.3,20.3,-16.822,H,N
LYS,9,31.3,-7.3,-20.1,2.0,-1.3,31.6,3.941,H,N
MET,4,18.1,-6.2,-16.2,6.1,-0.6,64.0,-4.211,H,N
TYR,8,21.0,-7.0,-30.2,10.5,-1.7,11.4,-16.202,H,N
HIE,4,30.0,-6.3,-25.8,5.5,-0.8,47.7,-2.108,H,P
HID,6,21.1,-7.1,-27.3,13.1,-0.9,44.5,-13.227,H,N
HIE,5,15.4,-8.9,-16.7,4.0,-1.1,28.1,-10.230,H,N
HIE,6,21.1,-4.0,-18.2,3.1,-0.5,66.0,-1.091,T,N
HIE,9,27.5,-6.8,-32.7,8.2,-1.2,27.3,-11.989,G,N
HIE,7,18.4,-8.8,-21.6,10.6,-1.2,23.1,-11.999,H,N
HID,4,29.4,-5.2,-23.6,8.9,-1.0,35.5,0.669,L,N
HID,6,21.3,-8.9,-30.4,12.4,-1.2,22.6,-18.071,H,N
HIE,3,14.8,-5.7,-11.2,4.3,-1.0,42.3,-2.092,L,N
ALA,9,24.4,-5.4,-32.3,6.3,-0.5,50.4,-13.313,H,P
SER,9,18.7,-6.3,-29.2,10.8,-0.8,32.7,-16.799,H,P
ILE,8,21.8,-10.2,-22.5,2.7,-1.4,0.0,-10.919,H,P
LEU,9,25.3,-10.1,-29.9,4.1,-1.5,0.0,-14.631,H,P
GLU,7,20.8,-5.1,20.8,-36.4,-0.7,57.7,36.602,H,P
LEU,9,38.4,-10.3,-37.2,-0.4,-1.4,5.7,-9.162,S,P
GLU,6,22.8,-7.9,-16.1,5.7,-1.1,26.5,-1.183,H,P
LEU,6,40.3,-8.3,-43.4,13.0,-1.3,14.3,-11.337,H,P
LYS,5,34.7,-6.7,-40.6,13.0,-0.9,47.4,-12.581,H,P
PHE,9,31.8,-12.2,-35.8,10.3,-1.7,0.9,-16.170,H,P
LEU,2,32.6,-6.2,-36.2,5.1,-1.0,34.3,-9.795,H,P
LYS,6,25.3,-8.7,-38.2,24.3,-1.5,17.5,-21.540,H,P
LEU,9,22.1,-9.2,-24.7,4.5,-1.5,3.8,-11.848,H,P
TYR,5,23.5,-4.5,-20.1,0.8,-0.9,54.1,-1.142,L,P
PRO,7,26.5,-5.4,-24.5,2.4,-0.5,61.1,-3.471,L,P
ARG,6,15.9,-4.8,0.2,-13.9,-0.9,58.2,11.292,H,P
LEU,7,29.1,-6.9,-24.0,-5.8,-0.8,49.5,-1.775,H,P
MET,8,18.3,-9.1,-21.0,6.4,-1.3,21.0,-11.770,S,P
ASP,7,28.3,-3.4,-8.0,-5.8,-0.7,45.7,16.863,L,P
ASP,6,23.2,-6.1,-1.7,-15.3,-0.7,46.4,15.449,H,P
LEU,7,43.3,-7.4,-48.3,8.8,-1.5,0.6,-12.418,H,P
LEU,8,29.9,-9.8,-38.8,8.1,-1.5,1.9,-18.719,H,P
GLU,7,31.7,-6.7,-35.0,11.5,-1.0,33.6,-10.059,H,P
GLU,3,28.5,-6.0,-33.0,14.7,-0.8,45.2,-10.473,H,P
LEU,8,36.7,-8.2,-44.5,7.8,-1.4,12.9,-15.928,H,P
VAL,7,26.5,-8.2,-29.5,6.2,-1.2,3.0,-11.179,H,P
MET,8,25.5,-9.1,-25.9,2.6,-1.3,15.6,-9.539,T,P
ARG,1,9.2,-3.0,-64.0,57.1,-0.9,57.2,-57.872,H,N
ARG,7,18.8,-9.4,-116.1,101.4,-1.7,20.0,-106.746,H,N
ASP,6,34.6,-5.0,-3.8,-32.9,-0.7,51.2,25.790,H,N
LEU,5,23.3,-8.5,-29.9,4.8,-1.1,26.1,-15.093,H,N
ASP,3,41.0,-5.6,7.2,-42.4,-0.8,38.7,42.550,H,N
GLU,1,29.3,-3.1,-39.1,13.6,-0.4,78.4,-13.013,H,N
LYS,6,21.7,-6.4,-50.9,30.8,-1.0,48.5,-35.478,H,N
LYS,7,20.4,-11.6,-61.6,58.2,-1.7,6.0,-52.733,H,N
LEU,5,28.1,-6.5,-29.6,2.5,-1.1,27.0,-8.011,H,N
VAL,5,33.2,-4.5,-26.1,6.2,-1.0,25.7,2.504,S,N
PRO,3,8.4,-4.0,-12.2,0.8,-0.3,78.4,-7.797,L,N
LEU,7,36.9,-6.4,-22.0,-1.9,-1.3,17.4,8.492,L,N
ARG,7,17.8,-2.4,-38.1,18.6,-0.4,80.3,-22.608,S,N
GLU,2,19.0,-1.8,-38.4,19.8,-0.2,84.0,-21.195,S,N
ARG,6,25.6,-6.0,-38.0,16.9,-1.0,53.6,-18.473,L,N
ILE,9,29.7,-6.4,-27.8,6.0,-1.3,7.6,-4.531,L,N
LEU,8,24.6,-11.5,-17.3,-0.6,-1.5,0.8,-4.200,H,N
LEU,3,30.2,-5.9,-44.2,10.1,-0.7,49.8,-19.836,H,N
LYS,7,22.7,-7.2,-65.3,49.4,-1.2,35.2,-49.811,H,N
VAL,8,29.5,-7.9,-37.1,6.9,-1.0,22.0,-15.461,H,N
PHE,5,15.7,-7.1,-15.0,1.1,-1.2,33.7,-6.342,H,N
LEU,7,27.3,-5.2,-25.6,4.3,-0.7,53.9,-3.596,L,N
LEU,9,26.4,-11.8,-26.5,7.0,-1.5,0.0,-11.910,H,N
ARG,4,15.4,-7.7,-67.3,50.8,-1.1,46.4,-59.545,H,N
ASP,2,40.4,-4.0,-79.6,37.9,-0.4,65.7,-43.218,H,N
LEU,5,25.0,-6.7,-29.6,8.0,-1.2,19.2,-11.228,L,N
GLU,3,25.8,-3.3,-7.5,-12.5,-0.2,85.7,15.042,H,N
MET,3,17.1,-8.3,-20.8,6.4,-1.3,19.7,-11.969,H,N
LEU,9,29.8,-9.6,-32.8,6.5,-1.5,2.4,-12.575,H,N
THR,9,22.3,-1.3,-23.4,5.8,-0.7,45.0,-2.397,H,P
TYR,7,38.9,-4.3,-33.8,7.8,-1.3,34.5,0.791,L,P
GLY,7,18.5,-2.8,-16.1,5.9,-0.7,3.0,-0.366,T,N
ASP,7,18.1,-3.9,14.1,-16.4,-0.7,44.6,28.283,L,N
MET,1,26.1,-4.6,-32.7,7.3,-0.6,62.9,-11.294,H,P
ILE,2,38.5,-7.3,-46.1,9.4,-1.4,0.9,-14.987,E,P
PHE,9,24.4,-8.7,-33.3,9.3,-1.6,12.6,-17.510,E,P
PHE,7,16.4,-10.0,-19.6,5.1,-1.3,24.8,-13.217,H,P
LEU,5,39.1,-8.7,-48.3,9.5,-1.5,1.8,-17.864,H,P
ILE,5,21.3,-7.4,-25.0,2.2,-1.4,8.2,-11.039,H,P
PHE,9,21.0,-12.5,-29.7,9.7,-1.6,6.0,-21.230,H,P
MET,5,33.1,-6.8,-29.2,4.6,-1.0,37.7,-2.912,H,N
ASP,9,48.8,-3.7,-75.3,35.2,-0.4,70.7,-30.174,G,P
LYS,7,17.5,-2.1,-24.2,6.3,-0.5,78.5,-8.823,L,N
LYS,2,35.0,-2.7,-17.3,-1.9,-0.4,79.0,15.031,L,N
ASP,8,30.7,-3.3,-35.3,3.0,-0.7,46.2,-7.830,H,P
TYR,9,25.3,-11.6,-31.0,8.4,-1.5,22.1,-17.268,H,P
ASN,9,39.5,-6.2,-33.5,8.3,-0.8,36.7,-0.214,L,P
TYR,9,26.5,-5.4,-25.5,2.3,-0.9,50.8,-4.448,S,P
GLU,7,30.0,-5.9,-84.2,60.9,-1.2,13.1,-60.126,E,P
ARG,7,28.6,-8.7,-11.8,3.0,-1.5,28.3,8.115,S,P
GLU,7,28.3,-6.4,-79.2,63.9,-0.9,35.7,-57.251,H,N
TYR,7,35.2,-7.7,-39.1,8.3,-1.6,14.3,-11.564,S,N
PRO,8,11.0,-3.7,-16.5,1.5,-0.5,63.3,-9.126,L,N
LEU,4,15.9,-7.5,-19.0,6.2,-1.4,6.5,-10.648,H,P
LEU,7,33.4,-5.7,-25.1,1.4,-0.9,45.1,2.501,G,P
ARG,9,24.4,-6.5,-27.5,15.2,-1.1,46.0,-9.576,L,P
ARG,9,20.2,-7.2,-49.1,57.8,-2.0,0.5,-36.139,H,P
ALA,5,20.1,-5.9,-37.0,8.0,-0.7,28.7,-22.726,H,P
MET,3,33.2,-8.4,-33.5,8.6,-1.2,24.4,-8.655,H,P
ARG,7,30.6,-5.1,-57.0,28.9,-0.8,63.6,-31.425,H,P
MET,1,23.5,-6.8,-28.7,7.4,-0.9,47.3,-12.008,H,N
ALA,1,23.8,-4.8,-28.2,4.9,-0.8,21.8,-9.158,H,N
ARG,6,45.8,-7.4,-44.5,21.6,-1.1,47.2,-6.073,L,N
ILE,5,38.9,-4.9,-37.0,2.0,-1.1,29.7,-2.874,S,N
SER,7,21.4,-5.2,-21.4,5.4,-0.6,47.1,-5.138,L,N
SER,7,2.1,-4.5,-6.7,6.1,-0.5,56.9,-9.010,T,N
LYS,7,16.8,-3.1,-25.2,8.4,-0.4,82.2,-11.607,G,N
ASP,8,31.7,-5.1,-102.2,80.3,-1.1,12.1,-75.671,G,N
HIE,2,17.7,-6.2,-19.6,5.0,-0.9,46.8,-8.045,L,N
ASP,8,40.5,-3.8,-78.8,43.5,-0.5,63.0,-42.106,L,N
GLN,2,23.2,-4.3,-32.9,14.7,-1.0,37.3,-14.005,G,N
GLU,5,24.4,-2.4,-1.8,-19.7,-0.2,86.4,20.269,G,N
GLN,9,30.2,-7.8,-33.9,9.6,-1.1,31.4,-11.599,H,N
PHE,7,17.6,-6.6,-24.5,9.8,-1.4,18.4,-13.537,H,N
ASN,4,25.3,-4.3,-28.5,9.4,-0.7,48.3,-7.540,H,N
SER,4,16.4,-3.9,-22.0,6.1,-0.7,40.5,-9.426,H,N
THR,7,33.1,-4.6,-31.3,7.8,-0.9,28.0,-2.821,S,N
LYS,3,10.5,-4.0,-40.8,33.4,-0.5,71.7,-34.311,H,N
SER,8,-3.7,-5.1,4.8,1.3,-0.8,28.5,-4.052,H,N
THR,6,20.3,-4.6,-22.4,6.4,-0.5,61.2,-6.676,H,N
LEU,8,13.9,-8.9,-15.7,6.9,-1.2,21.4,-10.581,H,N
LYS,3,20.9,-7.0,-60.5,45.0,-1.0,48.8,-46.649,H,N
TYR,1,34.5,-8.4,-44.5,11.2,-1.5,18.5,-18.443,H,N
THR,3,21.6,-5.6,-26.4,4.2,-0.5,59.6,-10.329,H,N
TYR,1,28.9,-6.0,-30.4,5.7,-0.8,58.6,-7.604,H,N
GLN,5,24.2,-8.0,-37.3,14.5,-0.9,42.9,-21.031,H,N
ASN,1,23.9,-6.0,-29.7,4.3,-0.7,52.0,-11.768,H,N
GLU,4,21.7,-3.4,15.9,-33.9,-0.9,40.6,34.295,H,N
GLY,3,29.1,-2.3,-24.6,-1.0,-0.2,75.7,2.216,S,N
THR,3,16.1,-3.7,-25.1,8.2,-0.6,55.3,-12.683,L,N
LYS,2,19.2,-8.3,-106.8,94.2,-1.5,17.8,-95.904,H,N
GLU,1,21.9,-1.4,-15.0,-9.3,-0.8,44.8,5.607,H,N
ARG,5,36.0,-5.5,-68.4,49.8,-1.1,45.4,-37.890,H,N
LYS,4,20.7,-7.6,-82.0,59.9,-0.8,55.6,-68.823,H,N
ARG,7,34.8,-8.1,-53.5,31.8,-1.2,43.4,-26.887,H,N
LEU,5,21.9,-5.1,-25.1,5.5,-0.8,49.8,-8.271,H,N
LYS,3,22.1,-6.3,-55.0,33.0,-0.9,53.5,-39.238,H,N
GLU,7,32.6,-5.0,-75.5,51.6,-0.7,55.5,-47.921,H,N
LYS,9,33.1,-6.0,-50.8,32.5,-1.3,29.5,-23.727,H,N
LYS,4,24.3,-3.0,-46.5,22.5,-0.4,77.7,-25.225,T,N
ASN,1,17.2,-6.4,-10.7,1.7,-0.9,34.0,0.164,T,N
LEU,9,25.7,-7.7,-28.6,6.3,-1.1,33.0,-10.617,H,P
ARG,9,32.7,-8.5,-37.2,16.2,-1.2,37.4,-12.922,E,P
LYS,5,15.2,-5.3,-60.7,48.6,-0.9,51.1,-50.794,T,P
HID,8,33.8,-10.9,-42.6,14.2,-1.3,14.3,-19.760,S,P
GLY,9,34.1,-4.6,-27.3,1.9,-0.5,26.6,2.153,H,P
TRP,9,19.3,-9.9,-19.7,7.1,-1.8,13.5,-10.312,H,P
LEU,2,38.5,-4.7,-27.9,7.4,-1.5,2.8,5.817,H,P
ASP,9,48.8,-3.0,-32.2,3.0,-0.9,33.8,13.597,L,N
TRP,9,29.0,-4.2,-19.4,-3.8,-1.0,55.8,5.394,S,P
LYS,9,30.7,-11.1,-28.1,34.1,-1.7,3.0,-8.535,E,P
ASP,7,19.4,-4.4,57.1,-65.7,-0.6,60.9,72.157,E,P
TYR,3,18.2,-9.2,-21.5,9.2,-1.6,16.5,-12.500,E,N
ASP,6,10.0,-3.8,52.9,-59.8,-0.5,66.5,59.080,S,N
TRP,1,21.8,-5.7,-17.4,-2.0,-0.7,68.1,-1.239,S,P
ALA,9,22.9,-8.2,-27.8,4.9,-0.9,2.0,-13.153,H,P
LEU,4,13.8,-12.0,-21.6,8.8,-1.5,1.2,-19.831,H,P
ALA,9,25.0,-7.0,-31.4,8.5,-0.9,0.0,-13.462,L,P
TRP,1,27.2,-10.4,-27.4,5.8,-1.4,35.6,-10.602,E,P
GLY,7,16.8,-2.0,-14.6,0.2,-0.0,93.2,0.300,T,P
HIE,6,20.0,-5.6,-10.6,-1.0,-0.8,48.8,3.823,S,P
LYS,7,26.6,-9.6,-102.3,91.5,-1.6,11.0,-85.269,E,P
GLY,2,20.5,-2.6,-26.5,5.5,-0.3,67.8,-8.533,T,N
ARG,6,17.8,-5.2,-33.0,15.8,-0.8,61.8,-20.359,T,P
SER,1,22.2,-5.4,-22.5,6.8,-0.6,47.5,-5.706,H,N
ARG,5,16.4,-6.5,-120.1,104.7,-1.0,55.1,-110.213,H,P
MET,9,34.3,-13.3,-33.1,9.4,-1.5,0.0,-12.088,L,P
VAL,2,18.8,-5.2,-23.8,6.2,-0.7,42.6,-10.248,T,P
PHE,8,29.8,-3.4,-20.0,1.6,-0.5,73.7,6.421,G,P
ARG,9,20.9,-6.6,-11.6,-6.9,-1.1,47.0,2.734,H,N
ASN,8,26.8,-4.5,-32.9,10.4,-0.7,48.3,-10.589,S,N
LEU,4,32.4,-9.4,-35.2,5.5,-1.3,17.3,-12.201,T,N
ARG,3,28.1,-8.1,-43.7,17.6,-1.4,28.6,-23.730,E,N
GLU,7,29.3,-2.8,-102.3,79.1,-0.8,43.9,-75.879,T,N
LYS,8,41.6,-5.9,-52.7,27.8,-1.0,43.8,-17.068,S,N
GLU,6,21.6,-2.7,-43.7,26.9,-0.2,88.9,-24.763,G,N
ALA,7,29.4,-3.4,-31.2,3.2,-0.4,65.9,-5.190,T,N
ARG,9,20.8,-9.0,-9.3,0.7,-1.2,38.6,2.465,S,P
LYS,9,21.7,-7.4,-46.9,44.7,-1.6,12.7,-32.632,E,P
LYS,7,15.1,-4.5,-86.5,65.3,-0.6,67.2,-75.910,H,P
LEU,8,23.2,-9.0,-31.1,5.0,-1.4,8.8,-16.914,H,P
MET,9,34.5,-7.5,-28.6,-0.0,-1.2,21.3,-1.544,S,P
VAL,7,27.1,-5.2,-30.2,5.9,-0.8,41.6,-8.249,E,N
PHE,7,10.4,-3.9,-9.9,2.3,-1.0,44.5,-3.447,S,N
ASN,6,11.6,-0.5,-13.0,2.5,-0.1,89.0,-1.841,T,N
ASP,7,27.5,-0.7,-48.7,27.9,-0.2,86.3,-21.927,T,N
TYR,6,33.4,-6.9,-28.1,5.1,-1.3,32.2,-1.577,E,N
TRP,8,28.4,-9.3,-25.3,7.6,-1.7,22.5,-6.284,E,N
PHE,4,37.6,-7.0,-38.3,7.7,-1.3,25.0,-7.687,E,N
VAL,9,41.4,-5.5,-34.4,6.2,-1.2,3.8,1.477,L,N
VAL,9,23.4,-4.4,-24.1,5.1,-1.3,0.2,-5.036,T,N
LYS,9,45.8,-7.6,7.1,-31.3,-1.6,13.7,45.179,E,P
GLU,9,24.7,-0.9,68.0,-78.7,-0.9,42.5,91.764,T,P
GLN,4,20.5,-3.4,-14.3,5.5,-0.7,54.8,2.757,S,P
ASP,6,41.3,-2.6,51.4,-79.6,-0.4,74.7,90.005,S,P
TRP,7,29.3,-4.1,-21.6,-1.4,-0.7,69.2,3.607,L,P
ARG,9,36.2,-12.1,2.7,-18.1,-1.8,9.8,26.784,E,P
ASN,5,14.6,-5.2,-18.4,4.2,-0.5,68.0,-9.059,H,P
LEU,9,26.2,-6.2,-39.3,7.1,-0.7,56.2,-19.399,H,P
ARG,9,16.3,-12.6,-12.4,1.0,-1.9,5.5,-8.687,E,P
ASN,9,24.6,-1.2,-24.6,1.1,-0.0,96.4,-1.194,S,P
VAL,4,16.3,-4.4,-18.7,2.5,-0.6,55.1,-6.831,S,N
SER,4,14.6,-3.7,-13.7,4.6,-0.5,57.2,-2.808,E,N
HIE,7,15.0,-4.9,-16.6,7.8,-0.6,61.0,-6.521,G,P
GLU,9,28.4,-4.7,70.6,-94.2,-0.7,53.9,94.214,H,N
ARG,7,24.4,-7.3,-110.7,86.6,-1.1,47.6,-93.686,H,N
TYR,9,16.0,-7.8,-20.7,13.2,-1.4,30.4,-12.513,H,P
GLU,9,32.5,-5.5,-96.7,70.5,-0.8,50.2,-69.705,H,P
ARG,8,14.1,-5.5,-2.4,-4.7,-0.7,66.9,6.170,H,P
ASN,8,3.8,-5.8,-10.4,10.4,-0.9,32.2,-12.344,H,P
LYS,7,22.6,-5.5,-29.8,14.9,-0.8,57.6,-12.670,H,P
TYR,8,30.3,-3.4,-33.2,9.7,-1.7,9.1,-6.300,H,P
ILE,1,26.6,-3.9,-30.2,3.8,-0.6,63.0,-7.511,H,N
THR,3,17.0,-5.8,-20.5,7.9,-0.9,31.2,-9.321,H,N
GLN,1,28.2,-5.9,-27.3,5.2,-0.9,44.9,-5.010,H,N
ILE,9,30.5,-7.2,-27.5,6.6,-1.2,23.6,-4.225,H,N
LYS,4,31.4,-6.5,-23.2,-3.6,-0.7,59.9,1.685,H,N
THR,5,26.2,-8.0,-40.4,13.6,-1.2,5.9,-22.180,H,N
ASN,9,28.2,-6.1,-27.7,2.9,-0.7,47.7,-5.579,H,N
SER,2,23.5,-5.6,-23.6,6.2,-0.7,35.1,-5.783,H,N
GLU,1,16.3,-3.4,-64.0,55.3,-0.3,81.8,-51.055,S,N
LYS,1,22.3,-6.6,10.3,-27.8,-0.7,63.8,26.000,H,N
GLN,8,24.6,-6.5,-30.0,8.0,-0.8,54.8,-11.972,H,N
ARG,1,19.6,-6.2,21.6,-36.5,-0.6,70.7,35.087,H,N
PHE,1,23.8,-8.9,-28.7,7.3,-1.2,31.4,-13.771,H,N
LYS,1,38.9,-7.3,-9.2,-18.6,-0.9,50.8,22.356,H,N
ARG,1,24.0,-7.0,-10.8,-7.5,-0.9,54.6,6.245,H,N
ARG,6,16.7,-7.7,-46.5,32.6,-1.1,49.7,-37.537,H,N
LYS,6,33.4,-8.5,-26.6,-4.2,-1.3,35.6,-1.752,H,N
LEU,9,33.8,-6.1,-30.3,2.3,-0.8,49.4,-2.639,H,P
ASN,9,24.7,-5.3,-17.7,1.5,-0.7,48.3,1.667,H,P
ILE,9,30.2,-5.6,-30.9,2.6,-1.0,34.0,-6.303,H,P
LYS,8,18.0,-5.5,-57.9,38.9,-0.8,59.1,-45.365,H,P
MET,8,33.7,-5.1,-36.8,6.6,-1.2,26.3,-8.172,H,P
ASP,9,22.8,-5.7,-18.6,4.0,-0.8,41.7,-1.539,H,P
MET,6,35.0,-10.1,-36.1,7.3,-1.5,2.9,-11.162,H,P
ARG,9,37.2,-7.4,-72.0,58.8,-1.4,33.3,-42.138,H,P
PHE,6,35.9,-5.4,-34.1,1.7,-0.6,66.1,-3.609,H,P
ALA,9,29.3,-6.5,-31.3,0.5,-0.8,20.8,-8.499,H,P
LEU,9,29.0,-7.3,-35.7,9.2,-1.2,23.9,-13.979,H,P
LEU,9,19.7,-6.6,-25.9,6.1,-0.8,47.5,-12.721,H,P
ASN,8,26.8,-5.1,-41.9,16.0,-1.1,19.3,-20.274,H,P
LEU,9,22.2,-8.3,-32.3,8.8,-1.3,12.7,-18.306,H,N
GLN,6,35.0,-6.6,-39.6,11.7,-0.8,51.6,-11.175,H,N
GLU,1,20.8,-7.9,22.5,-22.2,-1.0,29.2,35.448,H,N
ARG,6,16.1,-7.1,-98.8,84.5,-1.4,34.7,-89.819,H,N
ARG,5,18.6,-6.1,-73.7,62.3,-1.0,51.4,-61.202,H,N
PRO,7,24.5,-4.1,-37.0,4.1,-0.5,52.7,-16.556,H,N
ALA,6,23.2,-5.2,-25.3,5.6,-0.9,1.4,-7.349,H,N
GLN,3,25.1,-5.3,-30.4,10.2,-0.6,62.6,-10.602,H,N
ARG,1,24.0,-2.6,-71.7,53.6,-0.3,85.6,-50.289,S,P
GLU,3,17.8,-3.1,30.2,-39.6,-0.4,78.1,44.947,T,P
GLU,5,39.3,-2.6,22.9,-44.2,-0.9,38.5,59.614,H,P
ASP,1,9.6,-5.8,5.5,-14.1,-0.8,42.0,9.224,H,P
ARG,4,20.8,-9.8,-144.0,126.5,-1.2,43.2,-132.964,H,P
ASP,3,31.6,-5.4,-29.0,4.2,-1.1,11.7,-2.836,S,P
HIE,4,20.1,-4.1,-14.6,3.2,-0.3,82.0,1.364,L,P
ARG,7,19.5,-8.6,-130.9,110.1,-1.4,29.0,-120.029,S,P
ASP,9,16.7,-5.5,26.6,-36.5,-0.7,51.3,37.789,H,P
ILE,7,29.6,-5.3,-25.2,5.0,-0.7,52.6,-0.940,G,P
LEU,7,21.5,-2.7,-27.6,3.9,-0.3,81.1,-8.812,G,P
LYS,4,37.6,-2.6,-64.2,37.2,-0.4,80.0,-29.293,L,P
LYS,8,14.9,-1.9,-50.0,30.8,-0.2,91.3,-37.006,L,P
THR,1,19.9,-4.1,-25.9,7.3,-0.7,44.4,-10.002,H,N
GLN,1,26.9,-4.6,-37.6,12.8,-0.8,49.6,-15.261,H,N
ASN,1,-4.4,-4.1,-2.2,10.2,-0.5,61.1,-10.696,H,N
ASN,5,16.9,-5.9,-15.2,6.3,-0.9,31.5,-4.113,T,N
THR,7,19.8,-4.5,-23.0,8.3,-0.7,45.1,-7.662,L,N
GLU,5,23.2,-4.5,32.9,-54.0,-0.4,76.1,51.631,H,N
GLN,5,22.7,-7.8,-25.3,9.1,-1.0,35.2,-10.343,H,N
SER,5,15.8,-2.4,-33.3,12.2,-0.6,50.9,-19.946,H,N
GLU,8,17.1,-2.4,38.8,-57.4,-0.2,89.1,53.498,T,N
GLU,1,27.6,-3.9,38.1,-55.3,-0.4,74.3,61.813,H,N
THR,3,17.6,-2.1,-24.0,10.5,-0.6,53.6,-8.537,L,N
GLU,7,31.2,-4.0,32.6,-56.2,-0.7,50.9,59.801,H,N
ASP,1,35.9,-5.2,9.7,-28.9,-0.7,42.8,40.386,L,N
SER,7,16.9,-4.0,-21.3,3.3,-0.4,68.6,-8.473,H,N
GLU,8,25.0,-6.3,48.2,-62.3,-1.1,25.2,66.826,H,N
HIE,8,26.4,-5.9,-29.4,7.3,-0.9,41.9,-8.970,H,N
ARG,7,26.5,-3.7,-114.9,100.0,-0.5,73.3,-92.146,T,N
ARG,9,35.3,-9.1,-157.1,139.4,-1.5,25.1,-130.948,L,N
THR,8,26.1,-2.8,-39.3,8.8,-0.8,39.8,-15.947,H,N
MET,3,26.8,-6.7,-28.7,6.6,-1.0,37.2,-8.500,H,N
ASP,4,14.9,-3.1,30.0,-42.4,-0.6,51.6,41.736,H,N
ARG,2,28.2,-5.6,-143.9,126.1,-1.0,49.4,-121.243,H,N
GLN,2,30.5,-2.8,-20.7,-1.6,-0.5,73.1,7.060,L,N
GLU,5,21.5,-2.6,-2.0,-16.0,-0.4,73.5,16.888,S,N
GLU,5,26.5,-3.0,0.4,-20.6,-0.4,76.4,23.873,S,N
ILE,4,28.8,-5.4,-30.5,5.7,-0.7,58.3,-7.105,S,N
LYS,6,14.8,-3.6,-76.9,64.2,-0.3,84.2,-65.644,G,N
ALA,6,33.2,-2.3,-25.4,3.3,-0.5,52.3,5.441,L,N
ARG,9,34.8,-8.6,-33.2,18.0,-1.5,28.0,-7.058,H,P
GLU,6,31.2,-4.3,-21.8,-2.3,-0.4,72.9,5.173,H,P
THR,7,0.8,-3.0,-13.5,15.6,-0.7,47.9,-15.685,L,P
GLU,9,30.4,-3.2,-26.2,4.5,-0.6,59.5,0.913,S,P
GLN,9,25.2,-5.1,-25.1,5.7,-0.5,75.0,-4.997,H,P
LYS,6,33.9,-2.7,-40.3,21.7,-0.4,84.0,-9.096,S,P
ASN,3,25.2,-1.7,-19.3,0.4,-0.2,87.7,4.271,T,N
THR,3,26.6,-4.6,-23.3,5.4,-0.7,42.7,-1.361,S,N
MET,1,10.2,-7.3,-12.1,5.3,-1.1,32.0,-9.231,E,P
ALA,9,21.4,-5.2,-29.2,8.2,-0.9,3.6,-13.030,E,P
ASN,9,17.7,-4.1,-17.3,2.9,-0.8,43.5,-3.765,L,P
THR,7,12.1,-5.8,-15.5,6.3,-0.7,49.1,-9.163,E,P
ASP,5,19.9,-3.5,-70.3,60.7,-0.8,39.0,-53.903,S,N
SER,9,8.3,-4.8,-14.1,4.9,-0.7,36.2,-10.622,L,N
ARG,9,21.2,-4.1,10.1,-26.5,-0.7,67.3,27.152,L,N
LYS,8,32.1,-9.2,-17.7,-4.4,-1.6,12.8,5.083,L,N
VAL,3,21.3,-4.3,-22.0,2.7,-0.5,64.6,-4.922,E,N
THR,7,19.6,-0.6,-28.2,7.3,-0.3,76.7,-9.300,L,P
TYR,8,25.2,-9.4,-34.6,10.3,-1.7,9.5,-18.838,E,P
SER,8,22.0,-2.6,-27.7,7.4,-0.3,73.3,-8.249,S,P
CYX,9,27.9,0.9,-21.5,3.5,-0.6,7.5,7.286,L,P
VAL,1,38.7,-1.6,-26.0,2.7,-0.4,73.6,11.144,L,N
PRO,4,16.8,-2.1,-14.2,0.5,-0.3,78.6,0.444,L,N
ASP,7,16.3,-4.9,-52.8,52.6,-0.8,41.0,-41.372,S,N
VAL,9,31.5,-5.5,-40.2,6.4,-1.3,0.0,-14.243,E,N
LYS,7,36.2,-4.9,-1.9,-16.2,-1.5,16.5,29.395,E,N
TYR,8,21.2,-10.1,-29.3,7.2,-1.3,31.1,-18.243,E,P
GLU,9,35.7,-5.9,-127.6,105.4,-1.0,32.9,-97.786,E,P
TYR,8,27.0,-11.9,-27.1,5.7,-1.5,19.3,-12.010,L,P
LEU,9,39.2,-7.0,-31.3,8.4,-1.0,33.0,0.810,E,P
ARG,7,27.0,-12.0,42.2,-59.0,-1.7,16.4,57.214,E,N
LYS,4,13.0,-8.3,70.3,-77.6,-1.2,35.5,75.055,T,N
PHE,8,25.0,-12.5,-27.8,6.7,-1.6,5.4,-15.252,E,N
ARG,6,9.4,-7.7,43.2,-55.3,-1.0,51.1,44.883,L,N
LYS,2,23.5,-4.0,46.9,-65.8,-0.6,70.7,66.349,T,N
ARG,2,17.3,-6.3,9.9,-27.3,-1.0,56.4,20.867,E,N
ASN,9,4.7,-4.3,-2.9,4.8,-0.7,47.9,-2.495,T,N
ARG,3,27.2,-7.3,-26.4,2.9,-1.4,30.8,-6.511,S,N
LYS,1,19.8,-7.7,-10.6,-9.8,-1.0,44.2,1.541,S,N
TYR,3,34.1,-9.6,-50.0,13.0,-1.6,16.9,-25.525,S,N
THR,1,24.1,-4.6,-34.8,10.3,-0.6,50.7,-15.209,T,N
SER,1,14.4,-3.5,-16.7,6.9,-0.4,64.6,-5.875,T,N
TRP,6,23.6,-12.6,-29.6,9.7,-1.6,21.4,-18.594,L,N
MET,8,29.4,-6.9,-34.3,6.3,-1.0,34.8,-11.772,E,N
TYR,9,16.0,-7.7,-29.0,7.7,-1.0,49.0,-20.758,H,P
LEU,9,31.3,-10.1,-34.8,6.8,-1.5,0.0,-13.559,H,P
LYS,9,27.6,-5.7,-15.9,-10.0,-1.0,46.8,5.952,E,P
THR,9,3.0,-4.8,-7.2,4.2,-0.5,63.5,-8.935,S,P
ARG,7,13.9,-4.8,20.4,-32.8,-0.8,64.6,29.482,L,N
LYS,7,31.8,-7.2,28.1,-51.8,-1.0,46.1,52.734,E,N
LYS,7,17.8,-3.3,-44.9,31.2,-0.9,57.4,-30.336,L,P
HIE,9,10.7,-8.2,-15.0,11.5,-1.1,25.1,-12.469,H,P
PRO,9,26.4,-3.9,-26.0,3.2,-0.4,68.4,-3.532,S,P
ASN,9,14.7,-8.3,-15.7,6.0,-1.0,26.6,-9.220,H,P
ASN,9,20.6,-2.7,-17.2,0.8,-0.5,62.2,0.620,L,N
ARG,6,14.3,-6.2,-0.9,-11.5,-0.9,56.7,7.263,H,P
LYS,9,18.5,-7.7,17.5,-33.8,-1.3,28.4,28.305,L,P
GLN,8,13.9,-8.6,-22.5,13.5,-1.2,17.9,-17.178,H,N
HID,9,22.7,-10.8,-31.5,13.9,-1.5,4.7,-19.523,H,N
ARG,2,33.8,-8.1,21.5,-43.2,-1.1,49.4,47.132,H,N
ARG,9,20.0,-9.0,33.7,-54.7,-1.6,22.3,44.691,T,N
ARG,1,17.0,-3.3,26.2,-44.3,-0.5,75.2,40.004,T,N
ASN,3,13.5,-3.1,-11.9,5.9,-0.4,72.7,-1.561,T,N
ARG,6,28.4,-10.9,11.5,-37.4,-1.7,18.1,28.896,E,N
HIE,2,25.2,-6.0,-29.8,6.4,-0.9,45.8,-10.578,L,N
TRP,2,36.7,-8.3,-24.8,3.9,-1.0,51.8,3.588,S,N
GLU,4,24.3,-4.8,-108.1,93.2,-0.8,47.8,-88.540,E,N
GLY,9,24.6,-3.7,-29.3,6.7,-0.5,23.1,-8.432,E,P
TRP,9,24.8,-4.5,-18.8,2.5,-0.9,59.3,1.508,S,P
VAL,4,11.6,-2.1,-10.3,-2.8,-0.1,93.0,-0.745,S,N
PHE,7,8.1,-9.0,-6.5,1.2,-1.2,31.4,-7.401,H,P
ASN,9,11.6,-7.3,-7.3,4.9,-1.1,17.9,-3.073,S,P
LEU,8,34.7,-7.0,-27.4,3.8,-1.3,15.3,0.285,L,N
THR,5,22.5,-6.1,-25.8,5.0,-0.7,42.3,-9.414,H,N
TYR,7,31.8,-8.3,-27.3,5.1,-1.2,39.0,-3.864,H,P
ASP,9,52.7,-7.7,-91.8,57.2,-1.1,11.0,-46.745,L,P
TRP,9,37.1,-12.9,-35.6,3.2,-1.7,20.0,-11.387,E,P
ASP,9,25.7,-7.2,-17.9,6.5,-1.1,9.7,0.624,E,P
HIE,9,18.3,-8.1,-24.7,10.0,-1.1,31.0,-14.482,S,N
GLU,8,36.8,-7.1,16.4,-41.1,-0.9,38.8,46.141,E,N
GLU,9,15.5,-3.3,7.0,-19.8,-0.4,72.4,19.152,T,N
GLN,1,18.9,-2.3,-15.2,3.2,-0.1,92.8,1.432,L,P
PHE,3,22.7,-9.2,-23.7,6.7,-1.3,22.4,-10.180,L,P
ASN,1,14.5,-4.3,-12.4,4.9,-0.5,60.6,-2.193,L,P
LEU,7,24.4,-6.2,-31.9,8.6,-0.9,39.8,-13.725,E,P
GLN,1,39.7,-3.6,-41.9,19.4,-0.8,47.8,-5.836,L,N
THR,7,7.7,-1.8,-9.2,2.4,-0.6,57.6,-3.368,G,N
ASN,6,36.3,-3.7,-35.3,5.5,-0.7,47.3,-2.780,L,N
ASN,3,17.6,-2.0,-16.1,7.5,-0.6,57.7,-0.573,T,N
ALA,9,37.4,-4.4,-41.1,6.3,-0.5,51.6,-8.054,E,P
LEU,8,27.6,-7.7,-27.1,3.5,-1.0,35.2,-7.240,E,P
PRO,4,15.7,-4.5,-28.4,6.1,-0.3,76.1,-17.210,T,N
PRO,9,15.0,-6.9,-23.8,3.8,-0.8,40.0,-15.706,L,N
PHE,7,28.5,-8.9,-26.0,4.8,-1.2,29.5,-6.334,H,P
HIE,6,18.9,-4.1,-14.1,1.5,-0.6,64.9,0.737,T,P
ILE,9,22.5,-6.1,-26.9,4.0,-1.2,17.1,-10.464,H,P
MET,9,32.9,-5.4,-28.2,3.3,-0.8,48.8,-0.696,L,P
LEU,1,38.6,-3.7,-43.4,11.7,-1.0,30.6,-8.525,H,P
LYS,4,40.7,-6.0,-15.3,-9.8,-1.3,30.6,19.312,H,P
LYS,1,28.4,-4.3,-20.4,-0.1,-0.8,56.1,3.688,H,P
PHE,1,37.8,-8.8,-30.6,4.7,-1.6,8.7,-1.578,H,P
ARG,7,19.0,-4.6,-1.6,-15.3,-0.8,61.4,12.849,H,P
ARG,2,23.1,-5.1,-24.6,4.2,-0.9,53.8,-6.576,H,N
GLU,3,20.1,-4.2,-72.9,55.0,-0.7,56.6,-57.011,H,N
VAL,2,22.9,-2.4,-26.3,6.9,-0.9,34.7,-5.771,H,N
ASP,9,27.7,-4.0,-54.4,29.3,-0.4,73.6,-30.621,S,N
THR,9,41.4,-4.7,-33.7,4.4,-0.6,56.1,2.978,L,N
ARG,2,32.9,-1.2,-31.3,5.6,-0.3,83.8,0.284,T,P
VAL,5,24.8,-3.6,-28.1,5.7,-0.6,57.2,-6.785,E,N
LYS,8,11.2,-4.4,25.8,-31.2,-0.5,74.1,32.690,S,P
ARG,8,21.0,-5.7,35.1,-47.3,-1.1,44.2,50.469,L,P
ASP,4,51.0,-4.4,-18.7,-13.9,-0.9,31.3,27.849,S,P
ILE,3,12.9,-6.0,-13.0,2.1,-1.0,35.1,-6.133,S,P
LYS,2,19.5,-5.9,-163.2,144.7,-1.0,46.5,-149.553,T,N
GLN,6,25.3,-7.3,-41.3,19.7,-1.3,13.7,-23.232,E,N
MET,7,24.1,-11.8,-25.6,6.8,-1.5,0.0,-13.216,E,N
LYS,9,30.2,-4.8,-35.5,23.2,-1.1,39.6,-10.096,H,P
ASN,9,31.9,-2.8,-17.0,4.6,-1.0,21.1,12.094,L,P
ARG,7,20.9,-1.8,-16.9,-3.9,-0.2,91.3,2.266,S,P
GLU,9,16.9,-7.3,-84.0,73.7,-1.3,7.4,-74.494,E,P
ARG,9,30.9,-6.6,-7.5,4.6,-1.7,18.9,16.724,L,P
ARG,9,40.5,-6.7,-72.1,46.0,-1.9,3.0,-38.320,E,P
HID,9,30.6,-4.9,-30.0,11.7,-1.0,38.5,-4.245,S,P
ASP,9,32.7,-6.8,-101.4,82.6,-1.1,9.7,-75.412,E,N
GLU,9,22.8,-4.2,-64.1,49.3,-0.7,54.1,-45.558,S,N
ARG,9,14.7,-10.3,-66.8,54.8,-1.9,6.5,-62.347,E,P
ILE,9,21.1,-2.1,-34.5,9.1,-0.5,66.9,-15.491,H,P
CYS,9,28.4,-6.1,-28.8,3.3,-0.9,21.1,-6.529,S,P
ASN,9,23.8,-5.5,-10.6,4.7,-1.3,5.4,7.753,S,P
TYR,1,33.5,-0.7,-24.6,0.1,-0.5,74.4,8.137,S,P
ARG,6,24.6,-7.2,-49.6,24.4,-1.3,34.7,-32.212,S,P
ARG,8,22.8,-8.5,-8.7,-8.5,-1.2,41.3,5.524,E,P
ASP,6,29.6,-5.2,-110.4,88.4,-0.9,31.4,-85.949,L,N
THR,4,6.1,-4.7,-10.2,3.2,-0.6,53.9,-8.718,L,N
LYS,7,29.7,-6.1,-55.7,31.8,-1.5,20.8,-32.146,L,N
HID,1,27.1,-4.9,-35.6,11.0,-0.9,41.0,-13.423,L,N
LEU,4,21.2,-8.4,-15.8,0.4,-1.2,20.7,-3.067,L,N
GLU,9,35.2,-6.5,-112.5,85.5,-1.4,5.9,-83.719,E,N
ARG,3,13.2,-7.0,-43.2,28.5,-1.3,36.0,-36.901,E,N
VAL,1,44.0,-5.4,-35.6,4.0,-0.9,32.1,3.065,S,N
LEU,7,41.9,-10.4,-39.5,3.2,-1.3,12.7,-8.023,E,N
VAL,2,29.1,-4.5,-29.6,3.1,-0.7,48.0,-5.024,E,N
VAL,5,22.3,-7.3,-28.6,3.2,-1.2,3.4,-13.542,H,P
GLU,9,27.8,-4.2,13.6,-34.1,-0.5,65.2,37.310,H,P
ASP,8,18.1,-8.6,-10.2,0.8,-1.1,12.6,-0.656,H,P
GLU,8,36.4,-4.6,-3.2,-23.5,-0.5,69.0,28.610,H,P
ARG,9,34.5,-9.1,-76.7,59.1,-1.1,46.9,-51.280,H,P
LEU,6,35.3,-9.8,-32.6,2.8,-1.5,0.9,-7.108,H,N
ASP,8,27.7,-5.2,-17.6,-7.8,-0.6,57.1,4.893,H,N
LEU,9,26.3,-11.6,-25.3,3.5,-1.5,0.0,-10.591,H,N
ASP,2,44.7,-2.6,9.4,-49.4,-0.2,84.4,51.495,T,N
ALA,1,16.8,-3.0,-21.4,4.0,-0.3,73.1,-7.554,H,N
ILE,7,27.7,-5.8,-32.4,8.2,-0.9,37.8,-10.358,H,N
LYS,8,37.5,-9.8,-81.6,58.0,-1.5,17.2,-53.916,H,N
ARG,9,19.1,-5.7,-50.5,28.5,-0.9,58.1,-37.113,H,P
ARG,8,28.5,-6.9,-24.7,6.4,-0.9,56.8,-3.110,H,P
ARG,9,13.2,-7.7,-20.3,8.9,-0.8,62.6,-14.751,H,P
VAL,8,14.7,-7.1,-16.4,2.0,-1.1,18.5,-8.797,H,N
ILE,7,27.0,-10.3,-28.3,3.8,-1.4,3.6,-11.694,S,N
LYS,3,32.0,-7.9,-34.5,22.6,-1.2,37.1,-10.480,L,N
PRO,2,19.7,-3.9,-32.0,3.3,-0.2,79.3,-16.162,S,N
GLU,2,24.3,-6.1,-52.7,37.5,-0.8,49.2,-34.484,T,N
LYS,4,27.7,-6.5,-29.9,7.6,-0.9,53.4,-8.649,E,P
GLN,5,28.1,-11.3,-31.5,12.1,-1.5,6.0,-14.706,E,P
TYR,8,19.7,-11.1,-21.1,5.2,-1.5,19.6,-12.573,E,P
ASP,5,31.6,-8.8,-57.3,44.2,-1.1,15.2,-34.599,L,P
ASP,9,35.9,-3.7,-13.9,-3.5,-0.8,37.9,18.405,L,P
ILE,9,19.9,-7.8,-12.4,2.1,-1.4,0.7,-0.390,L,P
GLN,9,16.6,-8.6,-25.0,17.5,-1.3,17.4,-17.019,E,P
ARG,8,15.7,-9.4,-52.4,45.2,-1.6,23.2,-46.126,L,P
ARG,4,21.3,-6.2,-46.5,32.3,-1.3,32.6,-31.331,T,N
TRP,3,25.4,-8.8,-26.6,8.2,-1.4,31.7,-10.019,L,N
GLU,7,28.2,-9.4,-65.4,62.9,-1.3,12.9,-46.644,L,N
CYS,2,36.2,-4.0,-34.6,5.6,-0.8,29.1,-2.433,E,N
VAL,3,39.7,-5.4,-33.7,2.3,-0.9,29.3,0.576,E,N
LEU,2,21.5,-4.1,-13.8,-1.9,-0.4,71.4,3.610,S,P
ARG,6,17.4,-4.2,-40.7,25.2,-0.6,69.6,-27.480,L,P
LYS,7,28.8,-7.4,-54.9,36.7,-1.1,40.9,-33.564,B,N
GLU,2,15.9,-2.6,0.2,-10.0,-0.4,75.3,13.495,H,N
LYS,9,14.2,-3.6,-71.4,65.8,-1.2,36.0,-60.811,H,N
LYS,7,22.8,-9.6,-97.9,92.1,-1.7,7.0,-84.740,H,N
ASP,5,21.3,-2.8,-26.0,9.2,-0.2,88.2,-7.463,T,N
ARG,5,19.5,-6.0,-68.0,55.8,-1.3,38.5,-54.455,L,N
ILE,6,15.5,-7.7,-20.5,5.4,-1.0,30.0,-12.766,E,N
ASP,8,44.5,-3.5,-41.5,9.0,-0.7,51.0,-0.424,L,N
HID,6,23.3,-7.0,-24.1,10.9,-1.1,29.3,-7.777,B,N
PHE,9,39.2,-4.4,-28.2,3.8,-1.2,29.3,6.606,E,P
TYR,8,19.8,-12.5,-23.3,8.9,-1.7,7.3,-16.010,S,P
ARG,7,16.5,-6.3,-1.4,-12.3,-0.8,59.1,8.827,E,P
ALA,5,32.0,-4.8,-34.5,6.1,-0.6,44.4,-7.247,E,P
GLU,7,38.1,-6.2,-52.0,19.8,-1.0,36.6,-20.091,E,P
GLY,2,13.2,-4.4,-20.5,6.1,-0.6,9.1,-11.627,T,P
LYS,4,19.4,-5.2,-29.6,10.3,-0.6,71.8,-15.329,H,P
ARG,9,20.5,-12.1,28.3,-41.7,-1.7,17.3,36.681,S,P
LYS,6,31.9,-4.6,27.5,-48.3,-0.4,78.7,54.796,T,P
THR,7,29.6,-9.8,-40.6,15.9,-1.2,0.0,-20.825,H,P
ASP,9,43.8,-5.6,56.8,-90.7,-0.9,30.5,95.032,L,P
LYS,4,14.5,-4.4,-133.5,125.3,-0.5,73.1,-123.481,T,N
ARG,2,35.9,-10.1,-19.1,0.8,-2.0,3.2,6.640,H,P
ARG,9,18.9,-5.8,-72.7,55.6,-1.1,43.4,-59.613,S,P
ARG,8,28.3,-4.3,-58.1,40.0,-0.8,58.3,-34.038,S,P
GLN,4,19.0,-2.3,-14.9,-2.0,-0.1,94.0,1.756,T,N
TYR,9,36.0,-9.6,-33.2,7.3,-1.6,13.1,-6.805,G,P
LYS,5,24.9,-8.1,-66.4,51.1,-1.5,18.6,-49.562,H,P
MET,4,31.2,-5.4,-33.6,4.8,-0.8,51.4,-7.782,E,P
ARG,8,19.6,-3.4,-33.2,24.7,-1.0,51.3,-16.943,L,P
TRP,9,29.8,-10.9,-30.7,9.5,-1.5,28.5,-11.788,E,P
ASN,6,11.6,-8.4,-15.1,6.4,-1.0,28.4,-11.771,H,P
GLN,3,41.3,-5.4,-32.6,3.6,-0.6,62.8,3.306,H,P
TYR,4,32.6,-5.6,-29.6,4.3,-0.6,71.2,-2.558,H,P
ARG,6,15.1,-6.9,-23.4,7.5,-0.9,57.9,-15.187,H,P
LYS,7,14.0,-8.4,-70.6,57.3,-1.2,35.3,-65.034,H,P
VAL,1,24.7,-4.4,-28.0,3.9,-0.5,58.8,-7.638,H,P
GLN,7,32.7,-5.4,-27.2,-0.0,-0.5,66.9,0.088,H,P
PHE,3,25.3,-4.7,-20.2,0.9,-0.6,73.2,0.392,T,P
LEU,3,21.7,-5.4,-21.7,1.6,-0.8,51.9,-5.425,L,P
PHE,8,38.4,-10.6,-20.5,-0.6,-1.6,5.5,7.357,L,N
CYS,9,36.5,-2.9,-28.3,-2.0,-0.4,68.1,5.233,L,P
TYR,5,26.1,-1.1,-24.1,3.2,-0.6,71.9,0.837,T,P
ASP,9,19.7,-4.2,34.8,-49.4,-0.4,69.8,50.349,H,P
ASP,9,30.2,-5.4,40.2,-61.3,-0.5,61.8,64.971,H,P
TRP,3,30.8,-6.3,-31.8,6.0,-1.1,49.7,-7.331,T,N
ASP,9,29.9,-5.4,88.9,-105.3,-0.9,33.4,113.279,L,P
LYS,8,16.9,-8.3,-117.4,112.9,-1.4,20.0,-108.728,E,N
ASP,9,48.9,-4.0,-29.1,-14.3,-0.5,61.8,15.808,T,P
GLN,9,17.2,-5.1,-21.5,9.3,-0.6,62.5,-9.413,H,P
GLU,9,30.4,-4.4,-34.4,14.8,-1.0,32.1,-8.454,H,N
GLU,9,35.2,-7.3,-15.5,-6.4,-0.9,43.5,12.411,H,N
LEU,5,38.3,-8.3,-34.3,5.8,-1.3,11.8,-4.230,H,P
VAL,2,36.3,-5.7,-34.7,3.3,-0.5,62.6,-4.000,H,P
GLU,3,24.4,-5.8,56.2,-75.0,-0.9,35.5,74.792,H,P
SER,8,10.4,-3.0,-27.3,13.1,-0.5,58.6,-19.910,G,P
ASP,9,22.1,-1.9,51.2,-60.4,-0.8,38.9,71.431,G,P
TYR,6,19.8,-5.6,-19.5,6.3,-1.0,48.4,-5.234,T,P
TYR,8,30.5,-2.8,-22.0,5.6,-0.5,74.4,5.794,S,P
ASN,1,21.1,-2.7,-24.0,9.5,-0.6,57.9,-5.656,T,N
ASP,3,58.1,-4.7,14.5,-59.7,-0.7,44.0,67.851,L,N
SER,1,10.7,-1.8,-24.2,11.0,-0.5,54.6,-15.254,S,N
GLU,1,30.4,-3.5,7.1,-32.1,-0.7,50.3,33.950,H,N
GLU,5,27.0,-3.5,43.9,-54.1,-1.2,18.1,67.387,H,N
LYS,1,15.5,-5.8,-173.8,165.5,-1.2,33.2,-164.109,H,N
THR,6,11.9,-6.0,-25.4,18.7,-1.2,0.8,-19.600,T,N
GLU,8,22.5,-3.5,14.4,-26.2,-0.5,61.9,33.434,L,N
PRO,9,13.7,-4.8,-18.6,-2.0,-0.5,60.8,-9.686,T,N
SER,2,24.4,-1.1,-31.5,10.7,-0.7,31.8,-8.186,T,N
ASN,2,23.1,-4.4,-32.6,15.1,-0.8,37.2,-13.907,H,N
GLU,5,30.8,-2.4,5.7,-26.4,-0.6,62.5,34.066,L,P
SER,9,5.4,-4.9,-7.7,2.1,-0.5,58.3,-7.152,H,P
SER,9,20.1,-4.1,-28.7,9.6,-0.6,51.2,-12.709,H,P
ARG,8,16.8,-5.8,-1.8,-16.0,-0.8,64.5,9.295,H,P
ARG,3,36.0,-5.7,-11.7,-16.7,-0.8,61.5,18.627,H,P
ARG,8,32.6,-7.5,-43.4,15.8,-1.4,33.5,-18.357,E,P
ARG,8,36.4,-5.6,-15.6,-18.1,-0.9,57.2,15.157,L,P
LYS,9,20.5,-5.0,-26.2,17.5,-1.1,42.9,-10.728,H,P
ASN,9,22.2,-4.2,-15.7,8.5,-0.6,53.3,2.333,T,N
LYS,5,25.1,-3.6,-6.5,-14.4,-0.4,78.5,15.079,S,N
GLN,9,42.0,-6.2,-43.7,15.6,-1.0,33.5,-7.837,L,N
VAL,7,24.9,-5.0,-25.7,5.0,-0.6,56.5,-5.798,E,N
ASN,5,12.3,-5.8,-10.5,5.1,-0.7,45.2,-3.991,E,N
ALA,8,19.7,-4.0,-26.0,7.6,-0.9,2.5,-10.353,H,N
VAL,6,37.4,-3.0,-34.3,-0.5,-0.4,79.2,0.029,H,N
ILE,9,19.0,-5.6,-22.6,5.4,-1.2,19.1,-9.157,E,P
LYS,7,38.8,-5.6,4.6,-21.8,-0.9,53.3,37.834,T,N
GLN,8,35.1,-5.4,-38.0,10.2,-0.6,61.8,-8.237,E,N
HIE,9,37.4,-6.6,-24.9,6.0,-1.1,25.9,5.911,L,P
CYS,7,29.5,-3.6,-29.9,3.2,-1.1,8.5,-3.947,H,P
ARG,4,22.0,-2.6,23.4,-30.7,-1.3,34.2,42.722,L,P
VAL,8,38.2,-8.3,-43.9,4.9,-1.2,8.8,-14.016,H,P
LEU,8,26.3,-7.1,-27.7,4.5,-0.9,39.0,-8.540,H,P
LEU,7,26.3,-4.5,-22.8,1.7,-0.6,60.2,-1.017,H,P
LEU,7,26.3,-3.9,-26.9,2.3,-0.4,74.2,-4.520,H,P
TRP,8,23.2,-7.4,-21.3,2.9,-1.0,53.5,-5.486,L,P
TRP,9,18.6,-5.6,-23.9,1.5,-1.0,57.8,-10.939,S,P
ARG,1,17.4,-9.1,-94.6,83.5,-1.1,47.1,-86.302,E,P
THR,6,23.6,-3.4,-44.1,13.0,-0.5,61.1,-23.918,S,P
THR,6,32.6,-8.0,-40.1,12.7,-1.0,21.3,-15.555,B,P
GLU,6,25.1,-6.3,29.5,-48.0,-0.8,44.7,48.303,H,P
ARG,9,8.0,-1.3,-64.1,66.1,-0.2,92.4,-57.384,L,P
ASP,9,36.2,-4.9,-77.4,52.0,-0.9,28.2,-46.071,H,P
ARG,8,18.9,-6.5,6.5,-24.8,-0.9,59.2,18.849,H,P
ASN,9,11.9,-5.0,-6.7,4.2,-0.7,49.6,0.172,T,P
ASP,4,37.7,-0.7,-136.5,111.4,-0.8,42.7,-99.492,L,P
PHE,1,23.2,-2.6,-25.0,6.0,-0.7,62.1,-4.341,T,P
ARG,6,22.1,-1.2,1.4,-16.7,-0.5,76.6,22.188,H,P
LYS,6,33.2,-0.3,8.6,-30.2,-0.4,80.3,41.479,L,P
PHE,4,31.4,-7.3,-23.7,1.9,-1.5,10.2,0.381,L,N
ILE,3,34.4,-5.1,-31.7,0.9,-1.1,26.7,-2.318,L,N
THR,6,35.9,1.9,-23.4,3.6,-1.0,23.9,14.434,S,N
PRO,3,7.2,-1.1,-13.2,5.5,-0.2,86.4,-7.097,S,N
ASP,2,39.9,-0.7,-55.7,30.9,-0.5,61.9,-16.523,S,N
ILE,1,34.4,-0.9,-32.5,-0.2,-0.5,69.5,0.997,S,N
THR,2,32.9,-2.6,-22.2,-1.9,-0.6,52.2,8.062,S,N
SER,6,33.4,1.5,-23.6,11.6,-0.7,39.5,11.308,L,N
LYS,2,26.1,4.1,-12.3,9.9,-1.4,24.7,17.911,L,N
ASP,5,42.2,-2.5,-68.4,38.7,-0.8,43.7,-28.591,L,N
TYR,6,37.3,-8.6,-39.6,7.0,-1.6,13.4,-10.887,E,N
TRP,5,14.5,-11.0,-16.5,7.1,-1.4,32.8,-12.999,E,N
ALA,1,19.7,-1.8,-22.0,3.2,-0.1,86.4,-4.168,T,N
SER,1,28.1,-2.3,-31.6,8.5,-0.4,73.4,-5.799,H,N
ILE,1,31.8,-2.4,-22.7,1.4,-0.4,71.9,6.717,H,N
LYS,4,46.2,-6.0,25.5,-34.7,-1.6,16.0,65.740,L,N
ASP,6,31.0,-3.5,-110.2,83.5,-0.9,32.4,-82.738,E,N
THR,2,25.0,-2.8,-25.3,7.3,-0.4,68.8,-3.048,L,N
ASP,1,45.3,0.6,-147.7,114.8,-1.0,25.1,-101.704,E,N
PRO,8,26.3,0.2,-29.8,4.3,-0.9,22.2,-3.356,L,N
LEU,9,21.1,-3.5,-26.0,2.4,-0.4,74.9,-8.338,H,P
LEU,1,12.5,-5.5,-15.2,4.7,-1.1,29.2,-8.283,L,P
GLY,8,22.5,-2.5,-26.6,3.0,-0.1,84.8,-6.646,T,P
GLY,6,24.0,-3.7,-31.8,7.3,-0.4,36.4,-11.503,S,N
PHE,9,37.7,-3.1,-35.1,4.5,-0.2,87.2,-0.450,H,P
HIE,9,21.3,-2.2,-13.7,1.2,-0.4,77.8,5.361,H,N
ASP,4,32.0,-2.9,53.3,-73.3,-0.3,78.4,82.437,S,N
ASP,9,47.9,-3.5,53.5,-89.4,-0.7,46.1,97.848,H,N
CYS,9,30.8,-1.2,-35.4,6.5,-1.0,16.3,-5.843,H,N
ILE,7,21.2,-4.0,-22.2,5.7,-1.2,18.8,-4.953,H,N
GLU,8,26.8,-1.9,-63.8,45.1,-0.4,77.3,-38.853,L,P
LEU,9,35.9,-4.2,-25.0,-0.9,-0.8,48.0,6.715,L,P
ARG,8,19.4,-3.3,-23.7,4.6,-0.4,80.5,-7.587,S,P
ILE,5,25.7,-2.2,-15.1,-2.7,-0.2,90.5,8.434,S,P
TRP,9,32.5,-10.4,-35.5,8.1,-1.5,31.3,-13.448,E,P
PHE,9,23.2,-10.6,-28.4,7.1,-1.5,12.3,-15.804,H,P
HIE,9,21.1,-7.3,-27.2,9.3,-1.2,26.1,-13.493,H,P
TYR,8,23.0,-10.9,-33.3,14.4,-1.7,11.9,-21.115,H,P
TYR,9,24.7,-9.6,-28.3,6.7,-1.3,29.2,-13.161,H,P
TYR,1,32.9,-7.7,-29.8,8.7,-1.2,38.0,-4.635,S,N
TYR,7,17.4,-0.9,-6.8,-2.6,-0.2,93.5,9.736,L,P
TRP,8,33.9,-6.4,-40.0,7.6,-1.3,40.2,-12.518,L,P
TYR,9,26.7,-4.2,-30.8,9.1,-1.2,37.9,-8.301,E,P
PHE,9,25.3,-6.6,-27.3,6.7,-1.5,14.2,-8.518,E,P
PHE,6,25.2,-4.8,-25.8,5.0,-0.6,66.8,-5.355,E,P
ARG,1,22.4,-2.9,-41.0,21.6,-0.5,74.7,-21.465,L,P
ASP,6,27.5,-1.4,-53.4,29.9,-0.2,85.2,-27.330,T,P
TRP,9,37.0,-5.1,-37.2,6.4,-0.8,59.5,-5.304,H,P
ILE,8,34.1,-1.5,-30.2,3.2,-1.0,29.7,2.380,H,P
LEU,3,30.0,-2.2,-25.6,0.8,-0.4,71.9,2.254,L,N
THR,1,20.4,-2.4,-21.2,3.0,-0.4,66.4,-3.122,L,N
THR,5,12.6,-1.6,-18.8,2.9,-0.1,97.8,-7.872,S,N
ILE,6,38.7,-1.8,-27.6,2.8,-1.2,19.9,9.372,L,N
LYS,4,26.1,-3.1,4.7,-16.5,-1.1,42.3,27.618,L,P
TYR,1,24.1,-0.2,-21.4,5.9,-1.0,45.9,2.530,T,P
PHE,1,34.9,-0.2,-21.2,2.2,-0.4,81.9,13.522,S,P
ARG,1,23.6,-4.1,-23.5,3.9,-0.6,71.8,-4.041,S,P
LYS,3,18.4,-1.1,13.1,-27.4,-0.4,79.9,30.430,L,P
GLU,2,22.1,-2.9,-76.5,60.1,-0.4,73.4,-57.365,L,N
ASP,6,22.6,-5.4,-78.0,59.9,-0.6,51.3,-60.787,H,N
TYR,8,33.9,-1.9,-27.9,5.1,-1.7,11.5,4.064,E,P
ASP,8,34.8,-3.9,42.0,-58.2,-0.6,57.5,72.792,T,P
HIE,9,27.9,-3.8,-18.1,-5.3,-0.6,66.8,6.053,L,P
HIE,9,20.4,-8.0,1.9,-8.1,-1.3,17.0,14.327,L,N
PHE,5,39.5,-5.8,-30.2,-0.2,-0.7,57.0,3.408,L,N
ILE,9,17.4,-6.1,-21.3,5.2,-1.0,31.4,-9.999,H,P
TYR,2,21.3,-4.6,-20.7,0.1,-0.7,63.5,-3.992,H,N
TRP,9,31.8,-11.8,-35.5,11.0,-1.5,28.1,-15.521,E,P
GLY,9,17.8,-4.6,-23.6,9.6,-0.6,10.0,-10.344,E,P
GLU,9,24.8,-4.6,-4.9,-22.6,-1.2,15.2,15.352,E,P
THR,1,20.6,-5.1,-29.4,9.6,-0.9,31.7,-13.993,L,P
GLY,9,28.1,-3.0,-19.8,4.3,-0.6,14.6,5.332,L,P
PRO,3,5.1,-4.1,-16.9,3.0,-0.5,61.0,-15.804,S,P
ARG,1,28.8,-1.5,18.6,-39.9,-0.3,84.9,45.929,L,P
ILE,3,21.7,-4.3,-33.1,6.8,-0.9,37.9,-15.619,E,P
ILE,1,32.2,-5.4,-27.2,4.1,-0.6,58.8,-0.364,E,P
ARG,8,19.2,-9.5,23.9,-38.8,-1.5,27.2,33.546,E,P
PHE,9,27.5,-10.6,-25.7,5.4,-1.5,10.7,-8.755,E,P
VAL,2,21.8,-5.0,-28.6,5.9,-0.7,47.3,-11.758,E,P
TYR,8,19.9,-11.1,-24.2,9.2,-1.6,10.8,-15.419,E,P
GLY,6,20.3,-3.7,-24.7,6.3,-0.7,0.2,-8.109,L,P
GLY,9,14.9,-3.3,-17.6,3.6,-0.5,36.7,-5.936,S,P
ARG,2,14.0,-1.9,41.9,-54.4,-0.6,68.8,53.958,S,P
LYS,1,26.7,-5.7,24.2,-40.5,-0.8,61.6,45.254,S,P
THR,5,28.0,-1.6,-36.8,12.1,-0.6,52.5,-10.449,L,P
GLU,3,31.9,-0.1,-119.6,92.1,-0.8,46.8,-87.721,L,P
ARG,1,41.3,-4.7,-28.5,15.6,-1.3,36.0,8.088,L,P
PRO,2,4.3,-2.4,-13.2,0.3,-0.0,102.7,-11.250,S,N
TRP,9,25.5,-11.7,-29.4,8.6,-1.4,36.3,-15.564,E,P
LYS,5,15.6,-4.1,-103.9,89.8,-0.9,54.1,-92.387,H,P
PHE,8,32.4,0.1,-26.9,1.4,-1.5,14.3,5.587,L,P
LEU,8,33.2,-6.6,-33.5,8.2,-1.5,0.0,-6.780,H,P
LEU,6,31.8,-7.9,-34.4,6.5,-1.3,16.9,-10.491,H,N
LEU,9,36.3,-4.0,-43.0,8.4,-1.3,16.2,-10.723,H,N
ILE,7,17.4,0.1,-14.1,5.6,-1.4,1.6,3.513,H,N
VAL,6,26.9,0.6,-21.6,-0.3,-0.3,78.4,5.981,L,P
VAL,5,18.7,-2.5,-20.2,2.9,-0.2,87.5,-4.056,L,P
TYR,7,29.1,-6.6,-25.7,3.5,-1.3,30.3,-3.193,L,P
LEU,5,18.9,-9.4,-22.3,5.4,-1.3,14.8,-12.865,E,P
SER,6,-3.4,-2.0,-3.7,8.1,-0.3,78.1,-9.159,T,N
ASN,7,17.6,-4.5,-22.0,6.5,-0.5,62.2,-8.923,E,N
GLN,4,28.1,-2.2,-29.6,5.1,-0.2,85.9,-3.657,S,N
